[{"model": "admin.logentry", "pk": 1, "fields": {"action_time": "2024-05-16T16:39:38.631Z", "user": 1, "content_type": 6, "object_id": "1", "object_repr": "cold", "action_flag": 1, "change_message": "[{\"added\": {}}]"}}, {"model": "admin.logentry", "pk": 2, "fields": {"action_time": "2024-05-16T16:39:44.788Z", "user": 1, "content_type": 7, "object_id": "1", "object_repr": "cucumber", "action_flag": 1, "change_message": "[{\"added\": {}}]"}}, {"model": "admin.logentry", "pk": 3, "fields": {"action_time": "2024-05-16T16:39:48.657Z", "user": 1, "content_type": 7, "object_id": "2", "object_repr": "rice", "action_flag": 1, "change_message": "[{\"added\": {}}]"}}, {"model": "admin.logentry", "pk": 4, "fields": {"action_time": "2024-05-16T16:39:52.685Z", "user": 1, "content_type": 7, "object_id": "3", "object_repr": "salmon", "action_flag": 1, "change_message": "[{\"added\": {}}]"}}, {"model": "admin.logentry", "pk": 5, "fields": {"action_time": "2024-05-16T16:40:07.446Z", "user": 1, "content_type": 7, "object_id": "4", "object_repr": "philadelphia cheese", "action_flag": 1, "change_message": "[{\"added\": {}}]"}}, {"model": "admin.logentry", "pk": 6, "fields": {"action_time": "2024-05-16T16:40:11.223Z", "user": 1, "content_type": 7, "object_id": "5", "object_repr": "sesame", "action_flag": 1, "change_message": "[{\"added\": {}}]"}}, {"model": "admin.logentry", "pk": 7, "fields": {"action_time": "2024-05-16T16:40:18.218Z", "user": 1, "content_type": 7, "object_id": "6", "object_repr": "avocado", "action_flag": 1, "change_message": "[{\"added\": {}}]"}}, {"model": "admin.logentry", "pk": 8, "fields": {"action_time": "2024-05-16T16:51:20.482Z", "user": 1, "content_type": 8, "object_id": "2", "object_repr": "John, Doe, 0", "action_flag": 1, "change_message": "[{\"added\": {}}]"}}, {"model": "admin.logentry", "pk": 9, "fields": {"action_time": "2024-05-16T16:52:59.524Z", "user": 1, "content_type": 9, "object_id": "1", "object_repr": "Philadelphia Roll, 20.88, cold", "action_flag": 1, "change_message": "[{\"added\": {}}]"}}, {"model": "admin.logentry", "pk": 10, "fields": {"action_time": "2024-05-16T16:53:48.804Z", "user": 1, "content_type": 9, "object_id": "2", "object_repr": "nigiri salmon, 12, cold", "action_flag": 1, "change_message": "[{\"added\": {}}]"}}, {"model": "admin.logentry", "pk": 11, "fields": {"action_time": "2024-05-16T16:57:09.411Z", "user": 1, "content_type": 6, "object_id": "1", "object_repr": "cold", "action_flag": 3, "change_message": ""}}, {"model": "admin.logentry", "pk": 12, "fields": {"action_time": "2024-05-16T16:58:24.603Z", "user": 1, "content_type": 6, "object_id": "2", "object_repr": "sushi", "action_flag": 1, "change_message": "[{\"added\": {}}]"}}, {"model": "admin.logentry", "pk": 13, "fields": {"action_time": "2024-05-16T16:58:31.927Z", "user": 1, "content_type": 6, "object_id": "2", "object_repr": "sushi", "action_flag": 3, "change_message": ""}}, {"model": "admin.logentry", "pk": 14, "fields": {"action_time": "2024-05-16T17:00:06.524Z", "user": 1, "content_type": 6, "object_id": "3", "object_repr": "sushi", "action_flag": 1, "change_message": "[{\"added\": {}}]"}}, {"model": "admin.logentry", "pk": 15, "fields": {"action_time": "2024-05-16T17:00:10.676Z", "user": 1, "content_type": 6, "object_id": "4", "object_repr": "nigiri", "action_flag": 1, "change_message": "[{\"added\": {}}]"}}, {"model": "admin.logentry", "pk": 16, "fields": {"action_time": "2024-05-16T17:00:14.339Z", "user": 1, "content_type": 6, "object_id": "5", "object_repr": "sashimi", "action_flag": 1, "change_message": "[{\"added\": {}}]"}}, {"model": "admin.logentry", "pk": 17, "fields": {"action_time": "2024-05-16T17:00:18.407Z", "user": 1, "content_type": 6, "object_id": "6", "object_repr": "salad", "action_flag": 1, "change_message": "[{\"added\": {}}]"}}, {"model": "admin.logentry", "pk": 18, "fields": {"action_time": "2024-05-16T17:00:21.904Z", "user": 1, "content_type": 6, "object_id": "7", "object_repr": "soup", "action_flag": 1, "change_message": "[{\"added\": {}}]"}}, {"model": "admin.logentry", "pk": 19, "fields": {"action_time": "2024-05-16T17:06:37.558Z", "user": 1, "content_type": 9, "object_id": "3", "object_repr": "nigiri salmon, 5, nigiri", "action_flag": 1, "change_message": "[{\"added\": {}}]"}}, {"model": "admin.logentry", "pk": 20, "fields": {"action_time": "2024-05-16T17:07:37.489Z", "user": 1, "content_type": 7, "object_id": "7", "object_repr": "wasabi", "action_flag": 1, "change_message": "[{\"added\": {}}]"}}, {"model": "admin.logentry", "pk": 21, "fields": {"action_time": "2024-05-16T17:07:42.773Z", "user": 1, "content_type": 7, "object_id": "8", "object_repr": "tuna", "action_flag": 1, "change_message": "[{\"added\": {}}]"}}, {"model": "admin.logentry", "pk": 22, "fields": {"action_time": "2024-05-16T17:08:14.412Z", "user": 1, "content_type": 9, "object_id": "4", "object_repr": "nigiri tuna", "action_flag": 1, "change_message": "[{\"added\": {}}]"}}, {"model": "admin.logentry", "pk": 23, "fields": {"action_time": "2024-05-16T17:08:54.658Z", "user": 1, "content_type": 7, "object_id": "9", "object_repr": "eel", "action_flag": 1, "change_message": "[{\"added\": {}}]"}}, {"model": "admin.logentry", "pk": 24, "fields": {"action_time": "2024-05-16T17:08:59.748Z", "user": 1, "content_type": 7, "object_id": "10", "object_repr": "teriyaki", "action_flag": 1, "change_message": "[{\"added\": {}}]"}}, {"model": "admin.logentry", "pk": 25, "fields": {"action_time": "2024-05-16T17:09:58.877Z", "user": 1, "content_type": 9, "object_id": "5", "object_repr": "nigiri eel", "action_flag": 1, "change_message": "[{\"added\": {}}]"}}, {"model": "admin.logentry", "pk": 26, "fields": {"action_time": "2024-05-16T17:14:05.895Z", "user": 1, "content_type": 9, "object_id": "6", "object_repr": "philadelphia roll, price: (22)", "action_flag": 1, "change_message": "[{\"added\": {}}]"}}, {"model": "admin.logentry", "pk": 27, "fields": {"action_time": "2024-05-16T17:16:45.501Z", "user": 1, "content_type": 9, "object_id": "7", "object_repr": "Tuna roll, price: (28)", "action_flag": 1, "change_message": "[{\"added\": {}}]"}}, {"model": "admin.logentry", "pk": 28, "fields": {"action_time": "2024-05-16T17:18:08.369Z", "user": 1, "content_type": 7, "object_id": "11", "object_repr": "chicken", "action_flag": 1, "change_message": "[{\"added\": {}}]"}}, {"model": "admin.logentry", "pk": 29, "fields": {"action_time": "2024-05-16T17:19:05.549Z", "user": 1, "content_type": 7, "object_id": "12", "object_repr": "soy sauce", "action_flag": 1, "change_message": "[{\"added\": {}}]"}}, {"model": "admin.logentry", "pk": 30, "fields": {"action_time": "2024-05-16T17:19:31.268Z", "user": 1, "content_type": 7, "object_id": "13", "object_repr": "red chilli pepper", "action_flag": 1, "change_message": "[{\"added\": {}}]"}}, {"model": "admin.logentry", "pk": 31, "fields": {"action_time": "2024-05-16T17:19:43.480Z", "user": 1, "content_type": 7, "object_id": "14", "object_repr": "shrimp", "action_flag": 1, "change_message": "[{\"added\": {}}]"}}, {"model": "admin.logentry", "pk": 32, "fields": {"action_time": "2024-05-16T17:20:21.873Z", "user": 1, "content_type": 7, "object_id": "15", "object_repr": "red onion", "action_flag": 1, "change_message": "[{\"added\": {}}]"}}, {"model": "admin.logentry", "pk": 33, "fields": {"action_time": "2024-05-16T17:20:58.103Z", "user": 1, "content_type": 7, "object_id": "16", "object_repr": "lettuce leaves", "action_flag": 1, "change_message": "[{\"added\": {}}]"}}, {"model": "admin.logentry", "pk": 34, "fields": {"action_time": "2024-05-16T17:22:07.260Z", "user": 1, "content_type": 9, "object_id": "8", "object_repr": "thai salad with shrimps, price: (19)", "action_flag": 1, "change_message": "[{\"added\": {}}]"}}, {"model": "admin.logentry", "pk": 35, "fields": {"action_time": "2024-05-16T17:24:10.312Z", "user": 1, "content_type": 9, "object_id": "9", "object_repr": "thai salad with chicken, price: (15)", "action_flag": 1, "change_message": "[{\"added\": {}}]"}}, {"model": "admin.logentry", "pk": 36, "fields": {"action_time": "2024-05-16T17:25:10.686Z", "user": 1, "content_type": 7, "object_id": "17", "object_repr": "ginger", "action_flag": 1, "change_message": "[{\"added\": {}}]"}}, {"model": "admin.logentry", "pk": 37, "fields": {"action_time": "2024-05-16T17:26:23.953Z", "user": 1, "content_type": 9, "object_id": "10", "object_repr": "sashimi salmon, price: (21)", "action_flag": 1, "change_message": "[{\"added\": {}}]"}}, {"model": "admin.logentry", "pk": 38, "fields": {"action_time": "2024-05-16T17:27:54.664Z", "user": 1, "content_type": 7, "object_id": "18", "object_repr": "lemongrass", "action_flag": 1, "change_message": "[{\"added\": {}}]"}}, {"model": "admin.logentry", "pk": 39, "fields": {"action_time": "2024-05-16T17:27:58.833Z", "user": 1, "content_type": 7, "object_id": "19", "object_repr": "fish sauce", "action_flag": 1, "change_message": "[{\"added\": {}}]"}}, {"model": "admin.logentry", "pk": 40, "fields": {"action_time": "2024-05-16T17:28:07.520Z", "user": 1, "content_type": 7, "object_id": "20", "object_repr": "lime juice", "action_flag": 1, "change_message": "[{\"added\": {}}]"}}, {"model": "admin.logentry", "pk": 41, "fields": {"action_time": "2024-05-16T17:28:53.355Z", "user": 1, "content_type": 7, "object_id": "21", "object_repr": "mushrooms", "action_flag": 1, "change_message": "[{\"added\": {}}]"}}, {"model": "admin.logentry", "pk": 42, "fields": {"action_time": "2024-05-16T17:29:48.663Z", "user": 1, "content_type": 9, "object_id": "11", "object_repr": "Tom Yum Soup, price: (29)", "action_flag": 1, "change_message": "[{\"added\": {}}]"}}, {"model": "admin.logentry", "pk": 43, "fields": {"action_time": "2024-05-16T19:00:04.738Z", "user": 1, "content_type": 6, "object_id": "4", "object_repr": "nigiri", "action_flag": 2, "change_message": "[{\"changed\": {\"fields\": [\"Image\"]}}]"}}, {"model": "admin.logentry", "pk": 44, "fields": {"action_time": "2024-05-16T19:00:13.367Z", "user": 1, "content_type": 6, "object_id": "6", "object_repr": "salad", "action_flag": 2, "change_message": "[{\"changed\": {\"fields\": [\"Image\"]}}]"}}, {"model": "admin.logentry", "pk": 45, "fields": {"action_time": "2024-05-16T19:00:20.786Z", "user": 1, "content_type": 6, "object_id": "5", "object_repr": "sashimi", "action_flag": 2, "change_message": "[{\"changed\": {\"fields\": [\"Image\"]}}]"}}, {"model": "admin.logentry", "pk": 46, "fields": {"action_time": "2024-05-16T19:00:29.069Z", "user": 1, "content_type": 6, "object_id": "7", "object_repr": "soup", "action_flag": 2, "change_message": "[{\"changed\": {\"fields\": [\"Image\"]}}]"}}, {"model": "admin.logentry", "pk": 47, "fields": {"action_time": "2024-05-16T19:00:35.968Z", "user": 1, "content_type": 6, "object_id": "3", "object_repr": "sushi", "action_flag": 2, "change_message": "[{\"changed\": {\"fields\": [\"Image\"]}}]"}}, {"model": "admin.logentry", "pk": 48, "fields": {"action_time": "2024-05-16T19:14:29.981Z", "user": 1, "content_type": 6, "object_id": "4", "object_repr": "nigiri", "action_flag": 2, "change_message": "[{\"changed\": {\"fields\": [\"Image\"]}}]"}}, {"model": "admin.logentry", "pk": 49, "fields": {"action_time": "2024-05-16T19:16:34.319Z", "user": 1, "content_type": 6, "object_id": "7", "object_repr": "soup", "action_flag": 2, "change_message": "[{\"changed\": {\"fields\": [\"Image\"]}}]"}}, {"model": "admin.logentry", "pk": 50, "fields": {"action_time": "2024-05-16T19:20:02.711Z", "user": 1, "content_type": 6, "object_id": "6", "object_repr": "salad", "action_flag": 2, "change_message": "[{\"changed\": {\"fields\": [\"Image\"]}}]"}}, {"model": "admin.logentry", "pk": 51, "fields": {"action_time": "2024-05-16T19:20:38.357Z", "user": 1, "content_type": 6, "object_id": "6", "object_repr": "salad", "action_flag": 2, "change_message": "[{\"changed\": {\"fields\": [\"Image\"]}}]"}}, {"model": "admin.logentry", "pk": 52, "fields": {"action_time": "2024-05-16T19:22:11.646Z", "user": 1, "content_type": 6, "object_id": "6", "object_repr": "salad", "action_flag": 2, "change_message": "[{\"changed\": {\"fields\": [\"Image\"]}}]"}}, {"model": "admin.logentry", "pk": 53, "fields": {"action_time": "2024-05-16T19:24:00.479Z", "user": 1, "content_type": 6, "object_id": "6", "object_repr": "salad", "action_flag": 2, "change_message": "[{\"changed\": {\"fields\": [\"Image\"]}}]"}}, {"model": "admin.logentry", "pk": 54, "fields": {"action_time": "2024-05-16T19:24:50.943Z", "user": 1, "content_type": 6, "object_id": "5", "object_repr": "sashimi", "action_flag": 2, "change_message": "[{\"changed\": {\"fields\": [\"Image\"]}}]"}}, {"model": "admin.logentry", "pk": 55, "fields": {"action_time": "2024-05-17T12:26:29.329Z", "user": 1, "content_type": 6, "object_id": "4", "object_repr": "nigiri", "action_flag": 2, "change_message": "[{\"changed\": {\"fields\": [\"Image\"]}}]"}}, {"model": "admin.logentry", "pk": 56, "fields": {"action_time": "2024-05-17T12:29:29.533Z", "user": 1, "content_type": 6, "object_id": "4", "object_repr": "nigiri", "action_flag": 2, "change_message": "[{\"changed\": {\"fields\": [\"Image\"]}}]"}}, {"model": "admin.logentry", "pk": 57, "fields": {"action_time": "2024-05-17T12:30:13.857Z", "user": 1, "content_type": 6, "object_id": "4", "object_repr": "nigiri", "action_flag": 2, "change_message": "[{\"changed\": {\"fields\": [\"Image\"]}}]"}}, {"model": "admin.logentry", "pk": 58, "fields": {"action_time": "2024-05-17T12:31:27.420Z", "user": 1, "content_type": 6, "object_id": "3", "object_repr": "sushi", "action_flag": 2, "change_message": "[{\"changed\": {\"fields\": [\"Image\"]}}]"}}, {"model": "admin.logentry", "pk": 59, "fields": {"action_time": "2024-05-17T12:31:58.655Z", "user": 1, "content_type": 6, "object_id": "3", "object_repr": "sushi", "action_flag": 2, "change_message": "[]"}}, {"model": "admin.logentry", "pk": 60, "fields": {"action_time": "2024-05-17T12:33:00.963Z", "user": 1, "content_type": 6, "object_id": "4", "object_repr": "nigiri", "action_flag": 2, "change_message": "[]"}}, {"model": "admin.logentry", "pk": 61, "fields": {"action_time": "2024-05-17T12:33:04.526Z", "user": 1, "content_type": 6, "object_id": "3", "object_repr": "sushi", "action_flag": 2, "change_message": "[{\"changed\": {\"fields\": [\"Image\"]}}]"}}, {"model": "admin.logentry", "pk": 62, "fields": {"action_time": "2024-05-17T12:33:37.248Z", "user": 1, "content_type": 6, "object_id": "7", "object_repr": "soup", "action_flag": 2, "change_message": "[{\"changed\": {\"fields\": [\"Image\"]}}]"}}, {"model": "admin.logentry", "pk": 63, "fields": {"action_time": "2024-05-17T12:34:22.093Z", "user": 1, "content_type": 6, "object_id": "6", "object_repr": "salad", "action_flag": 2, "change_message": "[{\"changed\": {\"fields\": [\"Image\"]}}]"}}, {"model": "admin.logentry", "pk": 64, "fields": {"action_time": "2024-05-17T12:34:41.434Z", "user": 1, "content_type": 6, "object_id": "5", "object_repr": "sashimi", "action_flag": 2, "change_message": "[{\"changed\": {\"fields\": [\"Image\"]}}]"}}, {"model": "admin.logentry", "pk": 65, "fields": {"action_time": "2024-05-17T12:36:47.115Z", "user": 1, "content_type": 6, "object_id": "5", "object_repr": "sashimi", "action_flag": 2, "change_message": "[{\"changed\": {\"fields\": [\"Image\"]}}]"}}, {"model": "admin.logentry", "pk": 66, "fields": {"action_time": "2024-05-17T12:37:21.727Z", "user": 1, "content_type": 6, "object_id": "5", "object_repr": "sashimi", "action_flag": 2, "change_message": "[{\"changed\": {\"fields\": [\"Image\"]}}]"}}, {"model": "admin.logentry", "pk": 67, "fields": {"action_time": "2024-05-17T12:38:22.466Z", "user": 1, "content_type": 6, "object_id": "5", "object_repr": "sashimi", "action_flag": 2, "change_message": "[{\"changed\": {\"fields\": [\"Image\"]}}]"}}, {"model": "admin.logentry", "pk": 68, "fields": {"action_time": "2024-05-17T12:39:38.962Z", "user": 1, "content_type": 6, "object_id": "5", "object_repr": "sashimi", "action_flag": 2, "change_message": "[{\"changed\": {\"fields\": [\"Image\"]}}]"}}, {"model": "admin.logentry", "pk": 69, "fields": {"action_time": "2024-05-17T13:41:19.415Z", "user": 1, "content_type": 9, "object_id": "3", "object_repr": "nigiri salmon, price: (5.00)", "action_flag": 2, "change_message": "[{\"changed\": {\"fields\": [\"Image\"]}}]"}}, {"model": "admin.logentry", "pk": 70, "fields": {"action_time": "2024-05-17T13:49:31.707Z", "user": 1, "content_type": 9, "object_id": "3", "object_repr": "nigiri salmon, price: (5.00)", "action_flag": 2, "change_message": "[{\"changed\": {\"fields\": [\"Image\"]}}]"}}, {"model": "admin.logentry", "pk": 71, "fields": {"action_time": "2024-05-17T13:56:20.075Z", "user": 1, "content_type": 9, "object_id": "4", "object_repr": "nigiri tuna, price: (7.00)", "action_flag": 2, "change_message": "[{\"changed\": {\"fields\": [\"Image\"]}}]"}}, {"model": "admin.logentry", "pk": 72, "fields": {"action_time": "2024-05-17T13:56:59.825Z", "user": 1, "content_type": 9, "object_id": "5", "object_repr": "nigiri eel, price: (8.00)", "action_flag": 2, "change_message": "[{\"changed\": {\"fields\": [\"Image\"]}}]"}}, {"model": "admin.logentry", "pk": 73, "fields": {"action_time": "2024-05-17T17:24:48.659Z", "user": 1, "content_type": 10, "object_id": "8", "object_repr": "nigiri salmon, price: (5.00), John, Doe, 0", "action_flag": 2, "change_message": "[{\"changed\": {\"fields\": [\"Left by\"]}}]"}}, {"model": "admin.logentry", "pk": 74, "fields": {"action_time": "2024-05-18T14:10:04.424Z", "user": 1, "content_type": 9, "object_id": "13", "object_repr": "test, price: (10.00)", "action_flag": 3, "change_message": ""}}, {"model": "admin.logentry", "pk": 75, "fields": {"action_time": "2024-05-18T14:10:04.428Z", "user": 1, "content_type": 9, "object_id": "12", "object_repr": "test, price: (10.00)", "action_flag": 3, "change_message": ""}}, {"model": "admin.logentry", "pk": 76, "fields": {"action_time": "2024-05-18T14:10:04.430Z", "user": 1, "content_type": 9, "object_id": "15", "object_repr": "test, price: (12.00)", "action_flag": 3, "change_message": ""}}, {"model": "admin.logentry", "pk": 77, "fields": {"action_time": "2024-05-18T14:10:04.432Z", "user": 1, "content_type": 9, "object_id": "14", "object_repr": "test, price: (12.00)", "action_flag": 3, "change_message": ""}}, {"model": "admin.logentry", "pk": 78, "fields": {"action_time": "2024-05-18T17:27:24.681Z", "user": 3, "content_type": 9, "object_id": "4", "object_repr": "nigiri tuna, price: (7.00)", "action_flag": 2, "change_message": "[{\"changed\": {\"fields\": [\"Image\"]}}]"}}, {"model": "admin.logentry", "pk": 79, "fields": {"action_time": "2024-05-19T16:34:28.789Z", "user": 3, "content_type": 7, "object_id": "22", "object_repr": "dorada", "action_flag": 1, "change_message": "[{\"added\": {}}]"}}, {"model": "admin.logentry", "pk": 80, "fields": {"action_time": "2024-05-19T16:35:34.384Z", "user": 3, "content_type": 9, "object_id": "18", "object_repr": "Nigiri Dorada, price: (25)", "action_flag": 1, "change_message": "[{\"added\": {}}]"}}, {"model": "admin.logentry", "pk": 81, "fields": {"action_time": "2024-05-19T16:38:00.483Z", "user": 3, "content_type": 7, "object_id": "23", "object_repr": "maslana", "action_flag": 1, "change_message": "[{\"added\": {}}]"}}, {"model": "admin.logentry", "pk": 82, "fields": {"action_time": "2024-05-19T16:38:27.674Z", "user": 3, "content_type": 9, "object_id": "19", "object_repr": "nigir maslana, price: (25)", "action_flag": 1, "change_message": "[{\"added\": {}}]"}}, {"model": "admin.logentry", "pk": 83, "fields": {"action_time": "2024-05-19T16:40:01.511Z", "user": 3, "content_type": 9, "object_id": "20", "object_repr": "nigiri avocado, price: (15)", "action_flag": 1, "change_message": "[{\"added\": {}}]"}}, {"model": "admin.logentry", "pk": 84, "fields": {"action_time": "2024-05-19T16:56:58.779Z", "user": 3, "content_type": 9, "object_id": "21", "object_repr": "sashimi tuna, price: (24)", "action_flag": 1, "change_message": "[{\"added\": {}}]"}}, {"model": "admin.logentry", "pk": 85, "fields": {"action_time": "2024-05-19T16:57:59.515Z", "user": 3, "content_type": 10, "object_id": "6", "object_repr": "sashimi salmon, price: (21.00), , , 0", "action_flag": 3, "change_message": ""}}, {"model": "admin.logentry", "pk": 86, "fields": {"action_time": "2024-05-19T16:57:59.520Z", "user": 3, "content_type": 10, "object_id": "5", "object_repr": "sashimi salmon, price: (21.00), , , 0", "action_flag": 3, "change_message": ""}}, {"model": "admin.logentry", "pk": 87, "fields": {"action_time": "2024-05-19T16:57:59.523Z", "user": 3, "content_type": 10, "object_id": "4", "object_repr": "sashimi salmon, price: (21.00), , , 0", "action_flag": 3, "change_message": ""}}, {"model": "admin.logentry", "pk": 88, "fields": {"action_time": "2024-05-19T16:57:59.525Z", "user": 3, "content_type": 10, "object_id": "3", "object_repr": "sashimi salmon, price: (21.00), , , 0", "action_flag": 3, "change_message": ""}}, {"model": "admin.logentry", "pk": 89, "fields": {"action_time": "2024-05-19T16:57:59.528Z", "user": 3, "content_type": 10, "object_id": "2", "object_repr": "sashimi salmon, price: (21.00), , , 0", "action_flag": 3, "change_message": ""}}, {"model": "admin.logentry", "pk": 90, "fields": {"action_time": "2024-05-19T16:57:59.530Z", "user": 3, "content_type": 10, "object_id": "1", "object_repr": "sashimi salmon, price: (21.00), , , 0", "action_flag": 3, "change_message": ""}}, {"model": "admin.logentry", "pk": 91, "fields": {"action_time": "2024-05-19T17:03:19.884Z", "user": 3, "content_type": 9, "object_id": "22", "object_repr": "sashimi dorada, price: (12)", "action_flag": 1, "change_message": "[{\"added\": {}}]"}}, {"model": "admin.logentry", "pk": 92, "fields": {"action_time": "2024-05-19T17:04:22.635Z", "user": 3, "content_type": 9, "object_id": "23", "object_repr": "ebi roll, price: (39)", "action_flag": 1, "change_message": "[{\"added\": {}}]"}}, {"model": "admin.logentry", "pk": 93, "fields": {"action_time": "2024-05-19T17:38:51.079Z", "user": 3, "content_type": 10, "object_id": "22", "object_repr": "sashimi salmon, price: (21.00), , , 0", "action_flag": 3, "change_message": ""}}, {"model": "admin.logentry", "pk": 94, "fields": {"action_time": "2024-05-19T17:38:51.085Z", "user": 3, "content_type": 10, "object_id": "21", "object_repr": "thai salad with shrimps, price: (19.00), , , 0", "action_flag": 3, "change_message": ""}}, {"model": "admin.logentry", "pk": 95, "fields": {"action_time": "2024-05-19T17:38:51.087Z", "user": 3, "content_type": 10, "object_id": "19", "object_repr": "nigiri salmon, price: (5.00), , , 0", "action_flag": 3, "change_message": ""}}, {"model": "admin.logentry", "pk": 96, "fields": {"action_time": "2024-05-19T17:38:51.090Z", "user": 3, "content_type": 10, "object_id": "17", "object_repr": "nigiri salmon, price: (5.00), , , 0", "action_flag": 3, "change_message": ""}}, {"model": "admin.logentry", "pk": 97, "fields": {"action_time": "2024-05-19T17:38:51.092Z", "user": 3, "content_type": 10, "object_id": "16", "object_repr": "nigiri eel, price: (8.00), , , 0", "action_flag": 3, "change_message": ""}}, {"model": "admin.logentry", "pk": 98, "fields": {"action_time": "2024-05-19T17:38:51.093Z", "user": 3, "content_type": 10, "object_id": "15", "object_repr": "nigiri salmon, price: (5.00), , , 0", "action_flag": 3, "change_message": ""}}, {"model": "admin.logentry", "pk": 99, "fields": {"action_time": "2024-05-19T17:38:51.096Z", "user": 3, "content_type": 10, "object_id": "14", "object_repr": "nigiri tuna, price: (7.00), , , 0", "action_flag": 3, "change_message": ""}}, {"model": "admin.logentry", "pk": 100, "fields": {"action_time": "2024-05-19T17:38:51.100Z", "user": 3, "content_type": 10, "object_id": "13", "object_repr": "nigiri salmon, price: (5.00), , , 0", "action_flag": 3, "change_message": ""}}, {"model": "admin.logentry", "pk": 101, "fields": {"action_time": "2024-05-19T17:38:51.102Z", "user": 3, "content_type": 10, "object_id": "12", "object_repr": "nigiri salmon, price: (5.00), , , 0", "action_flag": 3, "change_message": ""}}, {"model": "admin.logentry", "pk": 102, "fields": {"action_time": "2024-05-19T17:38:51.106Z", "user": 3, "content_type": 10, "object_id": "11", "object_repr": "thai salad with chicken, price: (15.00), , , 0", "action_flag": 3, "change_message": ""}}, {"model": "admin.logentry", "pk": 103, "fields": {"action_time": "2024-05-19T17:38:51.108Z", "user": 3, "content_type": 10, "object_id": "10", "object_repr": "nigiri salmon, price: (5.00), , , 0", "action_flag": 3, "change_message": ""}}, {"model": "admin.logentry", "pk": 104, "fields": {"action_time": "2024-05-19T17:38:51.110Z", "user": 3, "content_type": 10, "object_id": "9", "object_repr": "nigiri salmon, price: (5.00), , , 0", "action_flag": 3, "change_message": ""}}, {"model": "admin.logentry", "pk": 105, "fields": {"action_time": "2024-05-19T17:38:51.111Z", "user": 3, "content_type": 10, "object_id": "8", "object_repr": "nigiri salmon, price: (5.00), John, Doe, 0", "action_flag": 3, "change_message": ""}}, {"model": "admin.logentry", "pk": 106, "fields": {"action_time": "2024-05-19T17:38:51.113Z", "user": 3, "content_type": 10, "object_id": "7", "object_repr": "nigiri salmon, price: (5.00), , , 0", "action_flag": 3, "change_message": ""}}, {"model": "admin.logentry", "pk": 107, "fields": {"action_time": "2024-05-19T17:53:55.769Z", "user": 3, "content_type": 9, "object_id": "22", "object_repr": "sashimi dorada, price: (12.00)", "action_flag": 2, "change_message": "[]"}}, {"model": "auth.permission", "pk": 1, "fields": {"name": "Can add log entry", "content_type": 1, "codename": "add_logentry"}}, {"model": "auth.permission", "pk": 2, "fields": {"name": "Can change log entry", "content_type": 1, "codename": "change_logentry"}}, {"model": "auth.permission", "pk": 3, "fields": {"name": "Can delete log entry", "content_type": 1, "codename": "delete_logentry"}}, {"model": "auth.permission", "pk": 4, "fields": {"name": "Can view log entry", "content_type": 1, "codename": "view_logentry"}}, {"model": "auth.permission", "pk": 5, "fields": {"name": "Can add permission", "content_type": 2, "codename": "add_permission"}}, {"model": "auth.permission", "pk": 6, "fields": {"name": "Can change permission", "content_type": 2, "codename": "change_permission"}}, {"model": "auth.permission", "pk": 7, "fields": {"name": "Can delete permission", "content_type": 2, "codename": "delete_permission"}}, {"model": "auth.permission", "pk": 8, "fields": {"name": "Can view permission", "content_type": 2, "codename": "view_permission"}}, {"model": "auth.permission", "pk": 9, "fields": {"name": "Can add group", "content_type": 3, "codename": "add_group"}}, {"model": "auth.permission", "pk": 10, "fields": {"name": "Can change group", "content_type": 3, "codename": "change_group"}}, {"model": "auth.permission", "pk": 11, "fields": {"name": "Can delete group", "content_type": 3, "codename": "delete_group"}}, {"model": "auth.permission", "pk": 12, "fields": {"name": "Can view group", "content_type": 3, "codename": "view_group"}}, {"model": "auth.permission", "pk": 13, "fields": {"name": "Can add content type", "content_type": 4, "codename": "add_contenttype"}}, {"model": "auth.permission", "pk": 14, "fields": {"name": "Can change content type", "content_type": 4, "codename": "change_contenttype"}}, {"model": "auth.permission", "pk": 15, "fields": {"name": "Can delete content type", "content_type": 4, "codename": "delete_contenttype"}}, {"model": "auth.permission", "pk": 16, "fields": {"name": "Can view content type", "content_type": 4, "codename": "view_contenttype"}}, {"model": "auth.permission", "pk": 17, "fields": {"name": "Can add session", "content_type": 5, "codename": "add_session"}}, {"model": "auth.permission", "pk": 18, "fields": {"name": "Can change session", "content_type": 5, "codename": "change_session"}}, {"model": "auth.permission", "pk": 19, "fields": {"name": "Can delete session", "content_type": 5, "codename": "delete_session"}}, {"model": "auth.permission", "pk": 20, "fields": {"name": "Can view session", "content_type": 5, "codename": "view_session"}}, {"model": "auth.permission", "pk": 21, "fields": {"name": "Can add category", "content_type": 6, "codename": "add_category"}}, {"model": "auth.permission", "pk": 22, "fields": {"name": "Can change category", "content_type": 6, "codename": "change_category"}}, {"model": "auth.permission", "pk": 23, "fields": {"name": "Can delete category", "content_type": 6, "codename": "delete_category"}}, {"model": "auth.permission", "pk": 24, "fields": {"name": "Can view category", "content_type": 6, "codename": "view_category"}}, {"model": "auth.permission", "pk": 25, "fields": {"name": "Can add ingredient", "content_type": 7, "codename": "add_ingredient"}}, {"model": "auth.permission", "pk": 26, "fields": {"name": "Can change ingredient", "content_type": 7, "codename": "change_ingredient"}}, {"model": "auth.permission", "pk": 27, "fields": {"name": "Can delete ingredient", "content_type": 7, "codename": "delete_ingredient"}}, {"model": "auth.permission", "pk": 28, "fields": {"name": "Can view ingredient", "content_type": 7, "codename": "view_ingredient"}}, {"model": "auth.permission", "pk": 29, "fields": {"name": "Can add cook", "content_type": 8, "codename": "add_cook"}}, {"model": "auth.permission", "pk": 30, "fields": {"name": "Can change cook", "content_type": 8, "codename": "change_cook"}}, {"model": "auth.permission", "pk": 31, "fields": {"name": "Can delete cook", "content_type": 8, "codename": "delete_cook"}}, {"model": "auth.permission", "pk": 32, "fields": {"name": "Can view cook", "content_type": 8, "codename": "view_cook"}}, {"model": "auth.permission", "pk": 33, "fields": {"name": "Can add dish", "content_type": 9, "codename": "add_dish"}}, {"model": "auth.permission", "pk": 34, "fields": {"name": "Can change dish", "content_type": 9, "codename": "change_dish"}}, {"model": "auth.permission", "pk": 35, "fields": {"name": "Can delete dish", "content_type": 9, "codename": "delete_dish"}}, {"model": "auth.permission", "pk": 36, "fields": {"name": "Can view dish", "content_type": 9, "codename": "view_dish"}}, {"model": "auth.permission", "pk": 37, "fields": {"name": "Can add review", "content_type": 10, "codename": "add_review"}}, {"model": "auth.permission", "pk": 38, "fields": {"name": "Can change review", "content_type": 10, "codename": "change_review"}}, {"model": "auth.permission", "pk": 39, "fields": {"name": "Can delete review", "content_type": 10, "codename": "delete_review"}}, {"model": "auth.permission", "pk": 40, "fields": {"name": "Can view review", "content_type": 10, "codename": "view_review"}}, {"model": "contenttypes.contenttype", "pk": 1, "fields": {"app_label": "admin", "model": "logentry"}}, {"model": "contenttypes.contenttype", "pk": 2, "fields": {"app_label": "auth", "model": "permission"}}, {"model": "contenttypes.contenttype", "pk": 3, "fields": {"app_label": "auth", "model": "group"}}, {"model": "contenttypes.contenttype", "pk": 4, "fields": {"app_label": "contenttypes", "model": "contenttype"}}, {"model": "contenttypes.contenttype", "pk": 5, "fields": {"app_label": "sessions", "model": "session"}}, {"model": "contenttypes.contenttype", "pk": 6, "fields": {"app_label": "tasty_ideas", "model": "category"}}, {"model": "contenttypes.contenttype", "pk": 7, "fields": {"app_label": "tasty_ideas", "model": "ingredient"}}, {"model": "contenttypes.contenttype", "pk": 8, "fields": {"app_label": "tasty_ideas", "model": "cook"}}, {"model": "contenttypes.contenttype", "pk": 9, "fields": {"app_label": "tasty_ideas", "model": "dish"}}, {"model": "contenttypes.contenttype", "pk": 10, "fields": {"app_label": "tasty_ideas", "model": "review"}}, {"model": "sessions.session", "pk": "1b0rbj9ujc5pw10lvx6hxflwb882fmvw", "fields": {"session_data": ".eJxVjEEOwiAQRe_C2pDCIBSX7j0DGWaoVA0kpV0Z7y5NutDte-__twi4rTlsLS1hZnERIE6_LCI9U9kFP7Dcq6Ra1mWOck_kYZu8VU6v69H-HWRsua8JLZ1JGT8N1qEHrwZjmZXuGJImi8nzxGbUKjqniQjU2DPjgTRYFp8v3l83fA:1s95gZ:sPourXiQm2OMbqUows-MmCS_MgQTVRHjeTnp_cFpw0o", "expire_date": "2024-06-03T16:16:27.444Z"}}, {"model": "sessions.session", "pk": "2gbg5vap7d5kwd9ig0k3e9qm8wr2l0mc", "fields": {"session_data": ".eJxVjMsOwiAQRf-FtSEzlEdx6d5vIANMpWogKe3K-O_apAvd3nPOfYlA21rC1nkJcxZngeL0u0VKD647yHeqtyZTq-syR7kr8qBdXlvm5-Vw_w4K9fKtFcQpuwTslY6oJwRn85ASGm-tUZYRtPUDElhmhWN0XnMmAwSoRgbx_gDKCTb4:1s7wWo:a7MXl1folQjs2EqaS_WA1ydmoI6K64kJmoZl-m94IBw", "expire_date": "2024-05-31T12:17:38.122Z"}}, {"model": "sessions.session", "pk": "60bnkw55hyyr8kmkjv8mbuayjuzlwxop", "fields": {"session_data": ".eJxVjMsOwiAQRf-FtSEzlEdx6d5vIANMpWogKe3K-O_apAvd3nPOfYlA21rC1nkJcxZngeL0u0VKD647yHeqtyZTq-syR7kr8qBdXlvm5-Vw_w4K9fKtFcQpuwTslY6oJwRn85ASGm-tUZYRtPUDElhmhWN0XnMmAwSoRgbx_gDKCTb4:1s8Kpp:MfXSCQhju78276mciKaWuFJLbjVZfby3dkjQcQECFKo", "expire_date": "2024-06-01T14:14:53.839Z"}}, {"model": "sessions.session", "pk": "789rr4q50z1r6ta042f3166iz5f6dkgm", "fields": {"session_data": ".eJxVjEEOwiAQRe_C2pDCIBSX7j0DGWaoVA0kpV0Z7y5NutDte-__twi4rTlsLS1hZnERIE6_LCI9U9kFP7Dcq6Ra1mWOck_kYZu8VU6v69H-HWRsua8JLZ1JGT8N1qEHrwZjmZXuGJImi8nzxGbUKjqniQjU2DPjgTRYFp8v3l83fA:1s8N1w:4RCK7zkF77xPN9MAZUMiaGFiT0ijFdXInVLU0pdlQqg", "expire_date": "2024-06-01T16:35:32.388Z"}}, {"model": "sessions.session", "pk": "8xbecb2lghi58sa27qih1apqy125icso", "fields": {"session_data": ".eJxVjMsOwiAQRf-FtSEzlEdx6d5vIANMpWogKe3K-O_apAvd3nPOfYlA21rC1nkJcxZngeL0u0VKD647yHeqtyZTq-syR7kr8qBdXlvm5-Vw_w4K9fKtFcQpuwTslY6oJwRn85ASGm-tUZYRtPUDElhmhWN0XnMmAwSoRgbx_gDKCTb4:1s8Kkp:7dP9gJAQh4IQJ3HZ-UIVf_xQqHjSQqNeJWpq-H3xDwI", "expire_date": "2024-06-01T14:09:43.101Z"}}, {"model": "sessions.session", "pk": "9n7ar334vw6h2vzx2lkq7mdcl2sa1dqz", "fields": {"session_data": ".eJxVjEsOAiEQBe_C2hC6hQZcuvcMpPnJqGGS-ayMdzcks9Dtq6r3FoH3rYV9LUuYsrgILU6_W-T0LH2A_OB-n2Wa-7ZMUQ5FHnSVtzmX1_Vw_w4ar23UHBU5DRGr8cZxdoiKCKwDD6wTEnlw54IAhBCtzUnZqmtyxJTQiM8XuT42tA:1s8J8n:bN4rcdustMgx-3dIZWZf_deb6R9mwzcn7RggCPtOdSo", "expire_date": "2024-06-01T12:26:21.669Z"}}, {"model": "sessions.session", "pk": "clwvaf6kxs2l026aru60fbvaz34rkz2g", "fields": {"session_data": ".eJxVjEEOwiAQRe_C2pDCIBSX7j0DGWaoVA0kpV0Z7y5NutDte-__twi4rTlsLS1hZnERIE6_LCI9U9kFP7Dcq6Ra1mWOck_kYZu8VU6v69H-HWRsua8JLZ1JGT8N1qEHrwZjmZXuGJImi8nzxGbUKjqniQjU2DPjgTRYFp8v3l83fA:1s8NC9:c7yat7ocZXnN73mlXntB5w2Ait62_PzQH-8eHy_m3ig", "expire_date": "2024-06-01T16:46:05.577Z"}}, {"model": "sessions.session", "pk": "evetc0d8olyqmf3bd9dyuqm0hkd5fgd2", "fields": {"session_data": ".eJxVjMsOwiAQRf-FtSEzlEdx6d5vIANMpWogKe3K-O_apAvd3nPOfYlA21rC1nkJcxZngeL0u0VKD647yHeqtyZTq-syR7kr8qBdXlvm5-Vw_w4K9fKtFcQpuwTslY6oJwRn85ASGm-tUZYRtPUDElhmhWN0XnMmAwSoRgbx_gDKCTb4:1s7xl9:JrEh4q4-cAZMDt8_lwDXMmdVyzyVojc75PVeWsIkR-Q", "expire_date": "2024-05-31T13:36:31.436Z"}}, {"model": "sessions.session", "pk": "hc3zc2bigb9fj8hfvw7zw7g0zhdybw5t", "fields": {"session_data": ".eJxVjDEOwyAQBP9CHaED22BSpvcb0B0cwUkEkrGrKH-PLblImi12ZvctPG5r9lvjxc9RXMUgLr8dYXhyOUB8YLlXGWpZl5nkociTNjnVyK_b6f4dZGx5X6eQAJgUckJlIzvAjpLj3kDSyowKqNMWXUcGyI5W8R7IQ9IadW-c-HwBBtk3_Q:1s8fKI:A9op3y0ojFGrJvILXnfdDWVE9h5U_HmyMtcG7O11tXQ", "expire_date": "2024-06-02T12:07:42.062Z"}}, {"model": "sessions.session", "pk": "k44yxfppsqujbmsh6i4yb7s9ooxzje57", "fields": {"session_data": ".eJxVjEEOwiAQRe_C2pDCIBSX7j0DGWaoVA0kpV0Z7y5NutDte-__twi4rTlsLS1hZnERIE6_LCI9U9kFP7Dcq6Ra1mWOck_kYZu8VU6v69H-HWRsua8JLZ1JGT8N1qEHrwZjmZXuGJImi8nzxGbUKjqniQjU2DPjgTRYFp8v3l83fA:1s8MBF:vVKDnSEkA7fCzDeKHN9j6Q6D3mhi2wvMUnjE9cCgBY8", "expire_date": "2024-06-01T15:41:05.725Z"}}, {"model": "sessions.session", "pk": "l47cy87y6boq195jdlejqbb304otm1gz", "fields": {"session_data": ".eJxVjMsOwiAQRf-FtSEzlEdx6d5vIANMpWogKe3K-O_apAvd3nPOfYlA21rC1nkJcxZngeL0u0VKD647yHeqtyZTq-syR7kr8qBdXlvm5-Vw_w4K9fKtFcQpuwTslY6oJwRn85ASGm-tUZYRtPUDElhmhWN0XnMmAwSoRgbx_gDKCTb4:1s8HjA:KtZNzLffMQp-AZ05xk1c7M_xTl3AByKtGvx8e3gaoMQ", "expire_date": "2024-06-01T10:55:48.583Z"}}, {"model": "sessions.session", "pk": "p2le9ayywvwsf0jj4jeof39ochyd9179", "fields": {"session_data": ".eJxVjMsOwiAQRf-FtSEzlEdx6d5vIANMpWogKe3K-O_apAvd3nPOfYlA21rC1nkJcxZngeL0u0VKD647yHeqtyZTq-syR7kr8qBdXlvm5-Vw_w4K9fKtFcQpuwTslY6oJwRn85ASGm-tUZYRtPUDElhmhWN0XnMmAwSoRgbx_gDKCTb4:1s7wfm:g0gF7FvPm8lwl7D956YoWJzznW1hM59mwC8HDXWhoAg", "expire_date": "2024-05-31T12:26:54.799Z"}}, {"model": "sessions.session", "pk": "psczlt6frr7yzzqkgz5081ukg358o9e0", "fields": {"session_data": ".eJxVjMsOwiAQRf-FtSEzlEdx6d5vIANMpWogKe3K-O_apAvd3nPOfYlA21rC1nkJcxZngeL0u0VKD647yHeqtyZTq-syR7kr8qBdXlvm5-Vw_w4K9fKtFcQpuwTslY6oJwRn85ASGm-tUZYRtPUDElhmhWN0XnMmAwSoRgbx_gDKCTb4:1s7vQC:zj6pcrElu71-NII3Q_3FhVYjjYfiU8yt7dVISgXE2wY", "expire_date": "2024-05-31T11:06:44.415Z"}}, {"model": "sessions.session", "pk": "pzu2n2kdzf3shjwcxgvand21j2cfa431", "fields": {"session_data": ".eJxVjDEOwyAQBP9CHaED22BSpvcb0B0cwUkEkrGrKH-PLblImi12ZvctPG5r9lvjxc9RXMUgLr8dYXhyOUB8YLlXGWpZl5nkociTNjnVyK_b6f4dZGx5X6eQAJgUckJlIzvAjpLj3kDSyowKqNMWXUcGyI5W8R7IQ9IadW-c-HwBBtk3_Q:1s8fLN:c9fECWPT6VDXJt1ffgslnIXw32K8Rgz9bNO7gLt6myY", "expire_date": "2024-06-02T12:08:49.884Z"}}, {"model": "sessions.session", "pk": "r55s9deus2u2da74kqjrdu4it27k6r0k", "fields": {"session_data": ".eJxVjMsOwiAQRf-FtSEzlEdx6d5vIANMpWogKe3K-O_apAvd3nPOfYlA21rC1nkJcxZngeL0u0VKD647yHeqtyZTq-syR7kr8qBdXlvm5-Vw_w4K9fKtFcQpuwTslY6oJwRn85ASGm-tUZYRtPUDElhmhWN0XnMmAwSoRgbx_gDKCTb4:1s80tj:RgWnSsikQHapsK26k4zL98IsvhT9-uftbLhnmL02z1k", "expire_date": "2024-05-31T16:57:35.421Z"}}, {"model": "sessions.session", "pk": "sy395wxw8jx487lhhs43dex5pnek94d9", "fields": {"session_data": ".eJxVjMsOwiAQRf-FtSEzlEdx6d5vIANMpWogKe3K-O_apAvd3nPOfYlA21rC1nkJcxZngeL0u0VKD647yHeqtyZTq-syR7kr8qBdXlvm5-Vw_w4K9fKtFcQpuwTslY6oJwRn85ASGm-tUZYRtPUDElhmhWN0XnMmAwSoRgbx_gDKCTb4:1s7weR:4ZJYRIc7qCxdglxiOR1MewQ0kDn2Hi_kEzapEx4OmEA", "expire_date": "2024-05-31T12:25:31.375Z"}}, {"model": "sessions.session", "pk": "xdvh9ydpd9d4mkb9gw9qj0zi62ym27aj", "fields": {"session_data": ".eJxVjMsOwiAQRf-FtSEzlEdx6d5vIANMpWogKe3K-O_apAvd3nPOfYlA21rC1nkJcxZngeL0u0VKD647yHeqtyZTq-syR7kr8qBdXlvm5-Vw_w4K9fKtFcQpuwTslY6oJwRn85ASGm-tUZYRtPUDElhmhWN0XnMmAwSoRgbx_gDKCTb4:1s7e8g:tFeIhMEsz_qjqWAAcHU7OkQerZGxOdMMrMchwlU-JM4", "expire_date": "2024-05-30T16:39:30.827Z"}}, {"model": "tasty_ideas.category", "pk": 3, "fields": {"dish_type": "sushi", "image": "https://cdn.iconscout.com/icon/free/png-256/free-sushi-hotel-food-fastfood-emoj-symbol-30705.png"}}, {"model": "tasty_ideas.category", "pk": 4, "fields": {"dish_type": "nigiri", "image": "https://cdn-icons-png.flaticon.com/512/5391/5391494.png"}}, {"model": "tasty_ideas.category", "pk": 5, "fields": {"dish_type": "sashimi", "image": "https://cdn-icons-png.flaticon.com/512/4933/4933169.png"}}, {"model": "tasty_ideas.category", "pk": 6, "fields": {"dish_type": "salad", "image": "https://cdn-icons-png.flaticon.com/512/1625/1625042.png"}}, {"model": "tasty_ideas.category", "pk": 7, "fields": {"dish_type": "soup", "image": "https://cdn-icons-png.flaticon.com/512/454/454570.png"}}, {"model": "tasty_ideas.cook", "pk": 1, "fields": {"password": "pbkdf2_sha256$720000$v5QXQF8cdJjLyFKCxTKI6X$Cpl55pBN4IHY6RKt5tJOIRwU54kr7BRhzG4HVoVQHGA=", "last_login": "2024-05-18T14:31:08.286Z", "is_superuser": true, "username": "admin", "first_name": "", "last_name": "", "email": "admin@mail.com", "is_staff": true, "is_active": true, "date_joined": "2024-05-16T16:39:03.101Z", "experience": 0, "groups": [], "user_permissions": []}}, {"model": "tasty_ideas.cook", "pk": 2, "fields": {"password": "pbkdf2_sha256$720000$svBsGXbD7yGRj6EYuJPSRC$AwkPjkwjloEBKYpQuPdyKbIfTByoQPsz83xcrhPc0EA=", "last_login": null, "is_superuser": false, "username": "newchef", "first_name": "John", "last_name": "Doe", "email": "", "is_staff": false, "is_active": true, "date_joined": "2024-05-16T16:51:19.926Z", "experience": 0, "groups": [], "user_permissions": []}}, {"model": "tasty_ideas.cook", "pk": 3, "fields": {"password": "pbkdf2_sha256$720000$XfJP7M58wLqZ97z5TaZQrY$rnTZkmj4S/6WXNRWJJBmNnrk6r95va5D4AT6iCg7H08=", "last_login": "2024-05-20T16:16:27.439Z", "is_superuser": true, "username": "eric", "first_name": "Eric", "last_name": "Brown", "email": "eric@gmail.com", "is_staff": true, "is_active": true, "date_joined": "2024-05-18T11:11:40.655Z", "experience": 0, "groups": [], "user_permissions": []}}, {"model": "tasty_ideas.cook", "pk": 4, "fields": {"password": "pbkdf2_sha256$720000$3AjJvLqutpcFoyEvs6xvYf$nhSF5fxjbt1OSwtfY4TzvmeeaS3mWt+8bNgOANsA+/U=", "last_login": "2024-05-18T12:34:09.628Z", "is_superuser": false, "username": "Valera", "first_name": "", "last_name": "", "email": "valera@mail.com", "is_staff": false, "is_active": true, "date_joined": "2024-05-18T11:32:37.315Z", "experience": 0, "groups": [], "user_permissions": []}}, {"model": "tasty_ideas.cook", "pk": 5, "fields": {"password": "pbkdf2_sha256$720000$I4L5J6P7fCyrSRzZ3GVjPj$143bC4cqFA2cD2t2coa5YzHHcV274Ty5xg6poIhEyMc=", "last_login": "2024-05-19T12:29:21.381Z", "is_superuser": false, "username": "brown", "first_name": "Eric", "last_name": "Brown", "email": "ericbrown@mail.com", "is_staff": false, "is_active": true, "date_joined": "2024-05-19T12:07:37.169Z", "experience": 0, "groups": [], "user_permissions": []}}, {"model": "tasty_ideas.dish", "pk": 3, "fields": {"name": "nigiri salmon", "price": "5.00", "cooking_time": "25.00", "spicy": "easy", "category": 4, "difficulty": "easy", "recipe": "- ​​Prepare sushi rice by cooking and seasoning it with rice vinegar, sugar, and salt. Allow it to cool to room temperature.\r\n- Slice your desired seafood (such as salmon, tuna, or shrimp) into thin, uniform pieces. Ensure it is fresh and sushi-grade.\r\n- Wet your hands slightly with water to prevent the rice from sticking. Take a small amount of sushi rice and shape it into oblong-shaped balls, about 2 tablespoons each.\r\n- Optionally, place a small amount of wasabi paste on top of each rice ball.\r\n- Take a slice of your prepared seafood and gently drape it over the rice ball, ensuring that it covers the top completely.\r\n- If desired, wrap a strip of nori around the sides of the rice and seafood to hold them together, or press the seafood gently onto the rice to adhere.\r\n- Repeat the process with the remaining rice and seafood slices.\r\n- Serve the nigiri sushi with soy sauce, pickled ginger, and wasabi on the side for dipping.\r\n- Enjoy your homemade nigiri sushi!", "image": "https://static.wixstatic.com/media/2a4a87_5746953910df404990f2e5a176c92a85~mv2.jpeg/v1/fill/w_314,h_314,al_c,lg_1,q_80,enc_auto/2a4a87_5746953910df404990f2e5a176c92a85~mv2.jpeg", "ingredients": [2, 3]}}, {"model": "tasty_ideas.dish", "pk": 4, "fields": {"name": "nigiri tuna", "price": "7.00", "cooking_time": "5.00", "spicy": "medium", "category": 4, "difficulty": "easy", "recipe": "- ​​Prepare sushi rice by cooking and seasoning it with rice vinegar, sugar, and salt. Allow it to cool to room temperature.\r\n- Slice your desired seafood (such as salmon, tuna, or shrimp) into thin, uniform pieces. Ensure it is fresh and sushi-grade.\r\n- Wet your hands slightly with water to prevent the rice from sticking. Take a small amount of sushi rice and shape it into oblong-shaped balls, about 2 tablespoons each.\r\n- Optionally, place a small amount of wasabi paste on top of each rice ball.\r\n- Take a slice of your prepared seafood and gently drape it over the rice ball, ensuring that it covers the top completely.\r\n- If desired, wrap a strip of nori around the sides of the rice and seafood to hold them together, or press the seafood gently onto the rice to adhere.\r\n- Repeat the process with the remaining rice and seafood slices.\r\n- Serve the nigiri sushi with soy sauce, pickled ginger, and wasabi on the side for dipping.\r\n- Enjoy your homemade nigiri sushi!", "image": "https://launceston.hokkaidosushi.com.au/cdn/shop/products/barefoot_photographer_-112.png?v=1657588799", "ingredients": [2, 8, 7]}}, {"model": "tasty_ideas.dish", "pk": 5, "fields": {"name": "nigiri eel", "price": "8.00", "cooking_time": "2.00", "spicy": "easy", "category": 4, "difficulty": "easy", "recipe": "- ​​Prepare sushi rice by cooking and seasoning it with rice vinegar, sugar, and salt. Allow it to cool to room temperature.\r\n- Slice your desired seafood (such as salmon, tuna, or shrimp) into thin, uniform pieces. Ensure it is fresh and sushi-grade.\r\n- Wet your hands slightly with water to prevent the rice from sticking. Take a small amount of sushi rice and shape it into oblong-shaped balls, about 2 tablespoons each.\r\n- Optionally, place a small amount of wasabi paste on top of each rice ball.\r\n- Take a slice of your prepared seafood and gently drape it over the rice ball, ensuring that it covers the top completely.\r\n- If desired, wrap a strip of nori around the sides of the rice and seafood to hold them together, or press the seafood gently onto the rice to adhere.\r\n- Tap it with teriyaki sauce\r\n- Repeat the process with the remaining rice and seafood slices.\r\n- Serve the nigiri sushi with soy sauce, pickled ginger, and wasabi on the side for dipping.\r\n- Enjoy your homemade nigiri sushi!", "image": "https://easlands.hokkaidosushi.com.au/cdn/shop/products/barefoot_photographer_-116_347af1e7-2d2d-4f9e-bb49-e51967ea65c2_530x@2x.png?v=1639394170", "ingredients": [9, 2, 10]}}, {"model": "tasty_ideas.dish", "pk": 6, "fields": {"name": "philadelphia roll", "price": "22.00", "cooking_time": "5.00", "spicy": "easy", "category": 3, "difficulty": "medium", "recipe": "- Lay a sheet of nori on a bamboo sushi mat (makisu) with the shiny side facing down.\r\n- Moisten your hands with water to prevent the rice from sticking. Take a handful of sushi rice and spread it evenly over the nori, leaving a small border along the top edge.\r\n- Flip the nori sheet over so that the rice side is facing down on the sushi mat.\r\n- Spread a layer of Philadelphia cream cheese evenly over the nori sheet.\r\n- Arrange slices of fresh fish, cucumber strips, and avocado slices along the bottom edge of the nori sheet.\r\n- Using the bamboo mat, carefully roll the nori sheet over the filling, applying gentle pressure to shape it into a tight cylinder.\r\n- Once rolled, use the bamboo mat to shape and tighten the roll further.\r\n- Sprinkle sesame seeds over the top of the roll, if desired, for added texture and flavor.\r\n- Use a sharp knife to slice the roll into individual pieces, wiping the knife with a damp cloth between cuts to ensure clean slices.", "image": "https://www.bakenroll.az/en/image/fila-spec-main.jpg", "ingredients": [6, 1, 4, 2, 3, 5]}}, {"model": "tasty_ideas.dish", "pk": 7, "fields": {"name": "Tuna roll", "price": "28.00", "cooking_time": "5.00", "spicy": "medium", "category": 3, "difficulty": "medium", "recipe": "- Lay a sheet of nori on a bamboo sushi mat (makisu) with the shiny side facing down.\r\n- Moisten your hands with water to prevent the rice from sticking. Take a handful of sushi rice and spread it evenly over the nori, leaving a small border along the top edge.\r\n- Flip the nori sheet over so that the rice side is facing down on the sushi mat.\r\n- Spread a layer of Philadelphia cream cheese evenly over the nori sheet.\r\n- Arrange slices of fresh fish, cucumber strips, and avocado slices along the bottom edge of the nori sheet.\r\n- Using the bamboo mat, carefully roll the nori sheet over the filling, applying gentle pressure to shape it into a tight cylinder.\r\n- Once rolled, use the bamboo mat to shape and tighten the roll further.\r\n- Sprinkle sesame seeds over the top of the roll, if desired, for added texture and flavor.\r\n- Use a sharp knife to slice the roll into individual pieces, wiping the knife with a damp cloth between cuts to ensure clean slices.", "image": "https://sushiya.ua/media/sushiya/images/products/cache/f/3/b/f/b/f3bfbf9025f7aaf455f6dfec5eb686bc90fd5938.png", "ingredients": [6, 1, 4, 2, 5, 8]}}, {"model": "tasty_ideas.dish", "pk": 8, "fields": {"name": "thai salad with shrimps", "price": "19.00", "cooking_time": "7.00", "spicy": "medium", "category": 6, "difficulty": "medium", "recipe": "- Cook the shrimp: Bring a pot of salted water to a boil. Add the shrimp and cook until pink and opaque, about 2-3 minutes. Drain and set aside to cool.\r\n- Prepare the dressing: In a small bowl, whisk together the fish sauce, lime juice, soy sauce, brown sugar, minced garlic, grated ginger, and vegetable oil until well combined. Set aside.\r\n- In a large mixing bowl, combine the chopped lettuce, sliced cucumber, grated carrot, thinly sliced red onion, chopped cilantro, chopped mint, sliced red chili (if using), and cooked shrimp.\r\n- Pour the prepared dressing over the salad ingredients and toss gently to coat everything evenly.\r\n- Sprinkle chopped roasted peanuts over the salad for added crunch and flavor.\r\n- Serve the Thai shrimp salad immediately, garnished with extra cilantro or mint leaves if desired.\r\n- Enjoy your delicious and refreshing Thai shrimp salad!", "image": "https://metro-website-images.s3.eu-west-1.amazonaws.com/products/FM97443.jpg", "ingredients": [6, 1, 16, 13, 15, 14, 12]}}, {"model": "tasty_ideas.dish", "pk": 9, "fields": {"name": "thai salad with chicken", "price": "15.00", "cooking_time": "8.00", "spicy": "medium", "category": 6, "difficulty": "medium", "recipe": "- Cook the chicken on the pan about 2-3 minutes with say sauce.Drain and set aside to cool.\r\n- Prepare the dressing: In a small bowl, whisk together the say sauce, lime juice, soy sauce, brown sugar, minced garlic, grated ginger, and vegetable oil until well combined. Set aside.\r\n- In a large mixing bowl, combine the chopped lettuce, sliced cucumber, grated carrot, thinly sliced red onion, chopped cilantro, chopped mint, sliced red chili (if using), and cooked chicken.\r\n- Pour the prepared dressing over the salad ingredients and toss gently to coat everything evenly.\r\n- Sprinkle chopped roasted peanuts over the salad for added crunch and flavor.\r\n- Serve the Thai chicken salad immediately, garnished with extra cilantro or mint leaves if desired.\r\n- Enjoy your delicious and refreshing Thai chicken salad!", "image": "https://thumbs.dreamstime.com/b/chicken-caesar-salad-plain-white-background-product-photography-chicken-caesar-salad-plain-white-background-isolated-product-286950228.jpg", "ingredients": [11, 1, 16, 13, 15, 5, 12]}}, {"model": "tasty_ideas.dish", "pk": 10, "fields": {"name": "sashimi salmon", "price": "21.00", "cooking_time": "4.00", "spicy": "medium", "category": 5, "difficulty": "medium", "recipe": "- Begin by selecting high-quality, sashimi-grade fish from a reputable fishmonger or market. Ensure that the fish is fresh, properly handled, and safe for raw consumption.\r\n- Rinse the fish under cold water and pat it dry with paper towels. Use a sharp knife to slice the fish into thin, uniform slices. Slice against the grain for a tender texture.\r\n- Arrange the sliced fish on a serving platter in an attractive manner. You can create a decorative pattern or simply lay the slices flat.\r\n- Serve the sashimi with small dollops of wasabi paste on the side. Wasabi adds heat and flavor to the sashimi, but it should be used sparingly as it can be quite potent.\r\n- Provide soy sauce in small dipping bowls for guests to dip their sashimi slices. Soy sauce adds saltiness and enhances the flavor of the fish.\r\n- Optionally, serve pickled ginger on the side. Pickled ginger is traditionally eaten between bites of sashimi to cleanse the palate.\r\n- Garnish the sashimi platter with shiso leaves for a decorative touch and added flavor, if desired.\r\n- Enjoy your delicious homemade sashimi as a refreshing and elegant appetizer or main course.", "image": "https://s3.ap-southeast-1.amazonaws.com/control-center.builtamart.com/public/products/2451.jpg", "ingredients": [11, 1, 17, 16, 3, 5, 12, 7]}}, {"model": "tasty_ideas.dish", "pk": 11, "fields": {"name": "Tom Yum Soup", "price": "29.00", "cooking_time": "17.00", "spicy": "medium", "category": 7, "difficulty": "hard", "recipe": "- In a pot, bring the chicken or vegetable broth to a boil.\r\n- Add the lemongrass, galangal or ginger slices, kaffir lime leaves, and sliced red chili peppers to the boiling broth. Simmer for 5-10 minutes to infuse the flavors.\r\n- Add the shrimp and mushrooms to the pot and cook until the shrimp turn pink and opaque, and the mushrooms are tender, about 3-5 minutes.\r\n- Stir in the fish sauce and lime juice. Taste the soup and adjust the seasoning with salt if needed.\r\n- Remove the pot from heat and ladle the hot soup into serving bowls.\r\n- Garnish with chopped cilantro, if desired, and serve immediately.", "image": "https://static.vecteezy.com/system/resources/previews/029/345/325/non_2x/tom-yum-kung-curry-in-white-bowl-on-a-white-background-illustration-eps-10-vector.jpg", "ingredients": [11, 19, 17, 18, 20, 21, 14]}}, {"model": "tasty_ideas.dish", "pk": 18, "fields": {"name": "Nigiri Dorada", "price": "25.00", "cooking_time": "30.00", "spicy": "easy", "category": 4, "difficulty": "medium", "recipe": "- ​​Prepare sushi rice by cooking and seasoning it with rice vinegar, sugar, and salt. Allow it to cool to room temperature.\r\n- Slice your desired seafood (such as salmon, tuna, or shrimp) into thin, uniform pieces. Ensure it is fresh and sushi-grade.\r\n- Wet your hands slightly with water to prevent the rice from sticking. Take a small amount of sushi rice and shape it into oblong-shaped balls, about 2 tablespoons each.\r\n- Optionally, place a small amount of wasabi paste on top of each rice ball.\r\n- Take a slice of your prepared seafood and gently drape it over the rice ball, ensuring that it covers the top completely.\r\n- If desired, wrap a strip of nori around the sides of the rice and seafood to hold them together, or press the seafood gently onto the rice to adhere.\r\n- Repeat the process with the remaining rice and seafood slices.\r\n- Serve the nigiri sushi with soy sauce, pickled ginger, and wasabi on the side for dipping.\r\n- Enjoy your homemade nigiri sushi!", "image": "https://www.youmebcn.com/uploads/products/1581893634.png", "ingredients": [22, 2]}}, {"model": "tasty_ideas.dish", "pk": 19, "fields": {"name": "nigir maslana", "price": "25.00", "cooking_time": "30.00", "spicy": "easy", "category": 4, "difficulty": "easy", "recipe": "- ​​Prepare sushi rice by cooking and seasoning it with rice vinegar, sugar, and salt. Allow it to cool to room temperature.\r\n- Slice your desired seafood (such as salmon, tuna, or shrimp) into thin, uniform pieces. Ensure it is fresh and sushi-grade.\r\n- Wet your hands slightly with water to prevent the rice from sticking. Take a small amount of sushi rice and shape it into oblong-shaped balls, about 2 tablespoons each.\r\n- Optionally, place a small amount of wasabi paste on top of each rice ball.\r\n- Take a slice of your prepared seafood and gently drape it over the rice ball, ensuring that it covers the top completely.\r\n- If desired, wrap a strip of nori around the sides of the rice and seafood to hold them together, or press the seafood gently onto the rice to adhere.\r\n- Repeat the process with the remaining rice and seafood slices.\r\n- Serve the nigiri sushi with soy sauce, pickled ginger, and wasabi on the side for dipping.\r\n- Enjoy your homemade nigiri sushi!", "image": "https://kagosushi.eu/wp-content/uploads/2022/09/nigiri-sq-14-Kago-Sushi.png", "ingredients": [23, 2]}}, {"model": "tasty_ideas.dish", "pk": 20, "fields": {"name": "nigiri avocado", "price": "15.00", "cooking_time": "13.00", "spicy": "easy", "category": 4, "difficulty": "easy", "recipe": "- ​​Prepare sushi rice by cooking and seasoning it with rice vinegar, sugar, and salt. Allow it to cool to room temperature.\r\n- Slice your desired seafood (such as salmon, tuna, or shrimp) into thin, uniform pieces. Ensure it is fresh and sushi-grade.\r\n- Wet your hands slightly with water to prevent the rice from sticking. Take a small amount of sushi rice and shape it into oblong-shaped balls, about 2 tablespoons each.\r\n- Optionally, place a small amount of wasabi paste on top of each rice ball.\r\n- Take a slice of your prepared seafood and gently drape it over the rice ball, ensuring that it covers the top completely.\r\n- If desired, wrap a strip of nori around the sides of the rice and seafood to hold them together, or press the seafood gently onto the rice to adhere.\r\n- Repeat the process with the remaining rice and seafood slices.\r\n- Serve the nigiri sushi with soy sauce, pickled ginger, and wasabi on the side for dipping.\r\n- Enjoy your homemade nigiri sushi!", "image": "https://www.bakenroll.az/en/image/nigiri-avocado-1.jpg", "ingredients": [6, 2]}}, {"model": "tasty_ideas.dish", "pk": 21, "fields": {"name": "sashimi tuna", "price": "24.00", "cooking_time": "12.00", "spicy": "easy", "category": 5, "difficulty": "easy", "recipe": "- Begin by selecting high-quality, sashimi-grade fish from a reputable fishmonger or market. Ensure that the fish is fresh, properly handled, and safe for raw consumption.\r\n- Rinse the fish under cold water and pat it dry with paper towels. Use a sharp knife to slice the fish into thin, uniform slices. Slice against the grain for a tender texture.\r\n- Arrange the sliced fish on a serving platter in an attractive manner. You can create a decorative pattern or simply lay the slices flat.\r\n- Serve the sashimi with small dollops of wasabi paste on the side. Wasabi adds heat and flavor to the sashimi, but it should be used sparingly as it can be quite potent.\r\n- Provide soy sauce in small dipping bowls for guests to dip their sashimi slices. Soy sauce adds saltiness and enhances the flavor of the fish.\r\n- Optionally, serve pickled ginger on the side. Pickled ginger is traditionally eaten between bites of sashimi to cleanse the palate.\r\n- Garnish the sashimi platter with shiso leaves for a decorative touch and added flavor, if desired.\r\n- Enjoy your delicious homemade sashimi as a refreshing and elegant appetizer or main course.", "image": "https://img.freepik.com/premium-photo/slices-raw-tuna-fish-meat_1000714-365.jpg", "ingredients": [2, 8]}}, {"model": "tasty_ideas.dish", "pk": 22, "fields": {"name": "sashimi dorada", "price": "12.00", "cooking_time": "8.00", "spicy": "easy", "category": 5, "difficulty": "easy", "recipe": "- Begin by selecting high-quality, sashimi-grade fish from a reputable fishmonger or market. Ensure that the fish is fresh, properly handled, and safe for raw consumption.\r\n- Rinse the fish under cold water and pat it dry with paper towels. Use a sharp knife to slice the fish into thin, uniform slices. Slice against the grain for a tender texture.\r\n- Arrange the sliced fish on a serving platter in an attractive manner. You can create a decorative pattern or simply lay the slices flat.\r\n- Serve the sashimi with small dollops of wasabi paste on the side. Wasabi adds heat and flavor to the sashimi, but it should be used sparingly as it can be quite potent.\r\n- Provide soy sauce in small dipping bowls for guests to dip their sashimi slices. Soy sauce adds saltiness and enhances the flavor of the fish.\r\n- Optionally, serve pickled ginger on the side. Pickled ginger is traditionally eaten between bites of sashimi to cleanse the palate.\r\n- Garnish the sashimi platter with shiso leaves for a decorative touch and added flavor, if desired.\r\n- Enjoy your delicious homemade sashimi as a refreshing and elegant appetizer or main course.", "image": "https://www.thefishsociety.co.uk/cdn/shop/files/SF_180416-TSC-Hiramasa-King-Fish239429_ExtendedCROPPED.jpg?crop=center&height=500&v=1687354415&width=500", "ingredients": [22, 2]}}, {"model": "tasty_ideas.dish", "pk": 23, "fields": {"name": "ebi roll", "price": "39.00", "cooking_time": "34.00", "spicy": "easy", "category": 3, "difficulty": "medium", "recipe": "- Lay a sheet of nori on a bamboo sushi mat (makisu) with the shiny side facing down.\r\n- Moisten your hands with water to prevent the rice from sticking. Take a handful of sushi rice and spread it evenly over the nori, leaving a small border along the top edge.\r\n- Flip the nori sheet over so that the rice side is facing down on the sushi mat.\r\n- Spread a layer of Philadelphia cream cheese evenly over the nori sheet.\r\n- Arrange slices of fresh fish, cucumber strips, and avocado slices along the bottom edge of the nori sheet.\r\n- Using the bamboo mat, carefully roll the nori sheet over the filling, applying gentle pressure to shape it into a tight cylinder.\r\n- Once rolled, use the bamboo mat to shape and tighten the roll further.\r\n- Sprinkle sesame seeds over the top of the roll, if desired, for added texture and flavor.\r\n- Use a sharp knife to slice the roll into individual pieces, wiping the knife with a damp cloth between cuts to ensure clean slices.\r\nServe the Philadelphia cheese and fish roll with soy sauce, pickled ginger, and wasabi on the side for dipping.\r\nEnjoy your delicious homemade sushi roll!", "image": "https://sushiya.ua/media/sushiya/images/products/cache/f/a/c/1/9/fac190f6267ff6198ec5aea5647a8c7b0cdc27a5.png", "ingredients": [6, 1, 4, 2, 14]}}, {"model": "tasty_ideas.ingredient", "pk": 1, "fields": {"name": "cucumber"}}, {"model": "tasty_ideas.ingredient", "pk": 2, "fields": {"name": "rice"}}, {"model": "tasty_ideas.ingredient", "pk": 3, "fields": {"name": "salmon"}}, {"model": "tasty_ideas.ingredient", "pk": 4, "fields": {"name": "philadelphia cheese"}}, {"model": "tasty_ideas.ingredient", "pk": 5, "fields": {"name": "sesame"}}, {"model": "tasty_ideas.ingredient", "pk": 6, "fields": {"name": "avocado"}}, {"model": "tasty_ideas.ingredient", "pk": 7, "fields": {"name": "wasabi"}}, {"model": "tasty_ideas.ingredient", "pk": 8, "fields": {"name": "tuna"}}, {"model": "tasty_ideas.ingredient", "pk": 9, "fields": {"name": "eel"}}, {"model": "tasty_ideas.ingredient", "pk": 10, "fields": {"name": "teriyaki"}}, {"model": "tasty_ideas.ingredient", "pk": 11, "fields": {"name": "chicken"}}, {"model": "tasty_ideas.ingredient", "pk": 12, "fields": {"name": "soy sauce"}}, {"model": "tasty_ideas.ingredient", "pk": 13, "fields": {"name": "red chilli pepper"}}, {"model": "tasty_ideas.ingredient", "pk": 14, "fields": {"name": "shrimp"}}, {"model": "tasty_ideas.ingredient", "pk": 15, "fields": {"name": "red onion"}}, {"model": "tasty_ideas.ingredient", "pk": 16, "fields": {"name": "lettuce leaves"}}, {"model": "tasty_ideas.ingredient", "pk": 17, "fields": {"name": "ginger"}}, {"model": "tasty_ideas.ingredient", "pk": 18, "fields": {"name": "lemongrass"}}, {"model": "tasty_ideas.ingredient", "pk": 19, "fields": {"name": "fish sauce"}}, {"model": "tasty_ideas.ingredient", "pk": 20, "fields": {"name": "lime juice"}}, {"model": "tasty_ideas.ingredient", "pk": 21, "fields": {"name": "mushrooms"}}, {"model": "tasty_ideas.ingredient", "pk": 22, "fields": {"name": "dorada"}}, {"model": "tasty_ideas.ingredient", "pk": 23, "fields": {"name": "maslana"}}, {"model": "tasty_ideas.review", "pk": 23, "fields": {"dish": 3, "left_by": 3, "content": "Delicious!!!", "created_at": "2024-05-19T17:39:07.431Z"}}, {"model": "tasty_ideas.review", "pk": 24, "fields": {"dish": 3, "left_by": 3, "content": "Tasty!!", "created_at": "2024-05-19T17:44:48.490Z"}}, {"model": "tasty_ideas.review", "pk": 25, "fields": {"dish": 8, "left_by": 3, "content": "Tasty!!!!", "created_at": "2024-05-19T20:02:35.370Z"}}, {"model": "tasty_ideas.review", "pk": 26, "fields": {"dish": 3, "left_by": 3, "content": "cool", "created_at": "2024-05-19T21:36:33.199Z"}}, {"model": "tasty_ideas.review", "pk": 27, "fields": {"dish": 9, "left_by": 3, "content": "nice idea", "created_at": "2024-05-19T21:37:31.090Z"}}, {"model": "tasty_ideas.review", "pk": 28, "fields": {"dish": 23, "left_by": 3, "content": "tasty", "created_at": "2024-05-20T08:08:01.027Z"}}, {"model": "tasty_ideas.review", "pk": 29, "fields": {"dish": 6, "left_by": 3, "content": "nice!!", "created_at": "2024-05-20T12:10:48.189Z"}}]